post_title,post_url,post_upvotes,comment_body,comment_score
"Breaking: Lee Sun Gyun Passes Away, Police Confirms",https://www.soompi.com/article/1633688wpp/breaking-lee-sun-gyun-passes-away-police-confirms,1197,"This is so sad. As others have said, My Mister was one of my favorite kdramas and I fell a little bit in love with him and that amazing voice. I wish circumstances had not forced him into this decision. RIP, ajhussi.",1
"Breaking: Lee Sun Gyun Passes Away, Police Confirms",https://www.soompi.com/article/1633688wpp/breaking-lee-sun-gyun-passes-away-police-confirms,1197,Whoa ðŸ˜³,1
"Breaking: Lee Sun Gyun Passes Away, Police Confirms",https://www.soompi.com/article/1633688wpp/breaking-lee-sun-gyun-passes-away-police-confirms,1197,"This really breaks my heart. He was my favorite Korean actorâ€”and not just among the *ahjussi*s or the veterans. He was such a ""giving"" or generous actor. I always thought he had this magic to elevate his co-stars' performances on screen, even through the subtlest of ways. What was even cooler to me is that he could have such a distinctive walk, voice, fashion sense (the same scarves!) in many of his dramas yet manage to fool me into believing these are all wildly different characters. Different from his variety show persona too.

He also sure knew how to pick a good script. His choices were not always safe, but somehow always interesting.

The last few months were rough for me as a fan but disappointment notwithstanding, I never expected this to happen. It was only yesterday that I thought the only way for him to get his career back was to accept one of his Hollywood offers and start there... but now that's not even a possibility anymore.

I hope Jeon Hye-jin and his two sons are doing okay. All the people who worked with him (especially multiple times) too. I will miss seeing this guy on screen. RIP",1
"JTBC 'Doctor Slump' Main Poster [Park Shin Hye, Park Hyung Sik; Premieres January 27]",https://i.redd.it/i8kucni96j8c1.jpeg,598,"I am not a fan of Park Shin Hye, but this poster is totally calling out to me. Love the filter and the retro feels.",122
"JTBC 'Doctor Slump' Main Poster [Park Shin Hye, Park Hyung Sik; Premieres January 27]",https://i.redd.it/i8kucni96j8c1.jpeg,598,**Twenty-Five Twenty-One** vibes of Yi-jin and Hee-do eating ice cream at the local store!,118
"JTBC 'Doctor Slump' Main Poster [Park Shin Hye, Park Hyung Sik; Premieres January 27]",https://i.redd.it/i8kucni96j8c1.jpeg,598,">During his school days, Yeo Jung Woo (Park Hyung Sik) always placed first in academics and he studied at the top medical school in the country. Yeo Jung Woo is now a popular plastic surgeon. His life goes smoothly, but, due to a mysterious medical accident, his life is pushed to the edge. At this time, he meets Nam Ha Neul. She was a rival in his past and he meets her at the lowest point in his life.
>
>Nam Ha Neul (Park Shin Hye) works as an anesthesiologist. When she was growing up, people called her a genius due to her extreme intelligence. She studied hard and became a doctor. Her life consists of only work and studying. She doesn't have any time to experience fun. One day, Nam Ha Neul realizes she isnâ€™t happy with her life and she wants to make a change. At this time, she meets Yeo Jung Woo during one of the worst moments in her life. They comfort each other and a romantic relationship blossoms between them.

[Source](https://asianwiki.com/Dr._Slump)",81
"JTBC 'Doctor Slump' Teaser Poster [Park Shin Hye, Park Hyung Sik; Premieres January 27]",https://i.redd.it/nb8c7whb757c1.jpeg,474,"Park Shin-hye is 33 and Park Hyung-sik is 32. I love them both, but come on... school uniforms?",471
"JTBC 'Doctor Slump' Teaser Poster [Park Shin Hye, Park Hyung Sik; Premieres January 27]",https://i.redd.it/nb8c7whb757c1.jpeg,474,I could do without them starting out in high school and having known each other already but Iâ€™ll still give this a shot,103
"JTBC 'Doctor Slump' Teaser Poster [Park Shin Hye, Park Hyung Sik; Premieres January 27]",https://i.redd.it/nb8c7whb757c1.jpeg,474,One thing I loved about The Worst of Evil was the actors who played the younger counterparts were accurately cast. Idk what's stopping the kdramas from doing it? Welcome to Samdalri they had 35+ year old actors to wear high school uniforms. Moving was the worst cause when I saw Cha Tae Hyun as a high schooler I couldn't stop laughing. I know these actors were crying inside being embarrassed,89
Jung Hae In Confirmed To Star In New Rom-Com Drama Jung So Min Is In Talks For,https://www.soompi.com/article/1631530wpp/jung-hae-in-confirmed-to-star-in-new-rom-com-drama-jung-so-min-is-in-talks-for,451,[deleted],201
Jung Hae In Confirmed To Star In New Rom-Com Drama Jung So Min Is In Talks For,https://www.soompi.com/article/1631530wpp/jung-hae-in-confirmed-to-star-in-new-rom-com-drama-jung-so-min-is-in-talks-for,451,"These two are so good at building on screen chemistry. They can have chemistry with a sack of potato and I'd believe it. So excited to see them in one frame!

Jung Somin, take it. It's time to make a TV comeback!",100
Jung Hae In Confirmed To Star In New Rom-Com Drama Jung So Min Is In Talks For,https://www.soompi.com/article/1631530wpp/jung-hae-in-confirmed-to-star-in-new-rom-com-drama-jung-so-min-is-in-talks-for,451,Can't wait to see Jung So Min in Rom-com K-drama! She always best for this genre.,82
"tvN 'Marry My Husband' Main Poster [Park Min Young, Na In Woo; Premieres January 1]",https://i.redd.it/omv99cv9664c1.jpg,430,"Wait...having just finished Perfect Marriage Revenge, this kind of sounds like the same plot, but instead of 1 year, we go back 10 years. With how much I liked PMR, I hope this one also doesn't take itself too seriously.",197
"tvN 'Marry My Husband' Main Poster [Park Min Young, Na In Woo; Premieres January 1]",https://i.redd.it/omv99cv9664c1.jpg,430,I canâ€™t picture lee yi kyung in a makjang drama,135
"tvN 'Marry My Husband' Main Poster [Park Min Young, Na In Woo; Premieres January 1]",https://i.redd.it/omv99cv9664c1.jpg,430,">Kang Ji Won (Park Min Young) is married to Park Min Hwan (Lee Yi-Kyung). Her marriage life is not going well due to her selfish husband and his demanding mother. Kang Ji Won is the breadwinner of the family, while her husband Park Min Hwan is unemployed and in debt. Kang Ji Won also does all of the housework herself.
>
>One day, Kang Ji Won learns she has cancer and she doesn't have much time left to live. Making things worse, she witnesses her husband and her close friend Jung Soo Min (Song Ha Yoon) having an affair. She gets into a physical struggle with the two of them and she is killed by her husband. The next moment, Kang Ji Won opens her eyes and finds herself in the past, 10 years earlier when she was dating Park Min Hwan. She decides to change her life by making Jung Soo Min marry Park Min Hwan.
>
>Yoo Ji Hyeok (Na In Woo) works as a chief in the same department as Kang Ji Won. He has a crush on her and he slowly reveals his feelings to her. He also has a secret.

[Source](https://asianwiki.com/Marry_My_Husband)",123
"Netflix 'Gyeongseong Creature' Main Poster [Park Seo Joon, Han So Hee; Premieres December 22]",https://i.redd.it/9qviin69zr4c1.jpg,372,"I didnâ€™t recognize either of the leads in this poster, and they both have pretty distinctive looks.  What did they do to them?",85
"Netflix 'Gyeongseong Creature' Main Poster [Park Seo Joon, Han So Hee; Premieres December 22]",https://i.redd.it/9qviin69zr4c1.jpg,372,Omg Kim Hae Sook (the grandma from Strong Girl Namsoon and My Demon) been working WORKING,52
"Netflix 'Gyeongseong Creature' Main Poster [Park Seo Joon, Han So Hee; Premieres December 22]",https://i.redd.it/9qviin69zr4c1.jpg,372,I hope the monsters are not CGI BAD. cannot get past Hellbound due to the weirdness of monsters ig. It feels so fakey and not at all creepy to me.,35
Death's Game [Episodes 1-4],https://www.reddit.com/r/KDRAMA/comments/18iuom3/deaths_game_episodes_14/,357,"**Mod Note:**

**Discussion Format**

This post is composed of two discussion sections:

**Episodic discussion:** Individual episode threads for the discussion of the individual episodes so users are able to watch and discuss at their own pace while avoiding spoilers. Within these discussion threads, you **must not include any discussion or spoilers** for episodes after the episode in question. Spoiler tags should be used for major plot spoilers within the episode. Individual episode discussion threads may be accessed through the links in this comment to prevent users seeing whole series spoilers. To participate in these threads reply to the comment ""Episode ..."" or another user's comment. Please report any comments that spoil later episodes using the custom report ""user has spoiled a later episode"" rather than the general ""unhidden spoiler"" report.

**Whole series discussion:** General discussion of the series may be made as a direct reply to the post or a reply to another user's comment outside of the individual discussion threads. Please use spoiler tags for any spoilers within these comments. 

If discussing source material please mark spoilers accordingly e.g. (webtoon spoiler) >!webtoon spoilers go here!<. 

---

**Schedule note:** Episodes 5-8 air 5 January, 2024.

---

**Links to episode threads:**

* [Episode 1](/r/KDRAMA/comments/18iuom3/comment/kdfty3x/)

* [Episode 2](/r/KDRAMA/comments/18iuom3/comment/kdfu01o/)

* [Episode 3](/r/KDRAMA/comments/18iuom3/comment/kdfu4gn/)

* [Episode 4](/r/KDRAMA/comments/18iuom3/comment/kdfu6n9/)",1
Death's Game [Episodes 1-4],https://www.reddit.com/r/KDRAMA/comments/18iuom3/deaths_game_episodes_14/,357,This drama would be a huge hit if it was on Netflix.,255
Death's Game [Episodes 1-4],https://www.reddit.com/r/KDRAMA/comments/18iuom3/deaths_game_episodes_14/,357,Get ready for a roller coaster non Webtoon watchers ðŸ˜­ðŸ¤£ðŸ¤žðŸ½,144
